ALERT NAME,NPubChem,NDCM,Luciferase,β-lactamase,Fluorescence,All Assays,SMARTS
quinone_A(370),653,15,10.1% (91),4.9% (13),6.5% (312),8.4% (543),"[!#6&!#1]=[#6]-1-[#6]=,:[#6]-[#6](=[!#6&!#1])-[#6]=,:[#6]-1"
quinone_D(2),170,5,11.8% (82),2.0% (12),6.5% (277),8.4% (487),"[#6]-1(-[#6]=,:[#6]-[#6]=,:[#6]-[#6]-1=[!#6&!#1])=[!#6&!#1]"
ene_one_ene_A(57),140,3,16.3% (93),9.2% (11),5.1% (308),8.2% (539),[#6]=!@[#6](-[!#1])-@[#6](=!@[!#6&!#1])-@[#6](=!@[#6])-[!#1]
het_pyridiniums_A(39),121,35,11.0% (96),6.3% (11),5.4% (322),7.0% (557),"[#7+]:1(:[#6]:[#6]:[!#1]:c:2:c:1:c(:c(-[$([#1]),$([#7])]):c:c:2)-[#1])-[$([#6](-[#1])(-[#1])-[#1]),$([#8;X1]),$([#6](-[#1])(-[#1])-[#6](-[#1])=[#6](-[#1])-[#1]),$([#6](-[#1])(-[#1])-[#6](-[#1])(-[#1])-[#8]-[#1]),$([#6](-[#1])(-[#1])-[#6](=[#8])-[#6]),$([#6](-[#1])(-[#1])-[#6](=[#8])-[#7](-[#1])-[#6]:[#6]),$([#6](-[#1])(-[#1])-[#6](-[#1])(-[#1])-[#1])]"
ene_five_het_E(44),55,N/A,12.5% (107),1.1% (15),3.6% (372),4.9% (629),[#7]-[#6]=!@[#6]-2-[#6](=[#8])-c:1:c:c:c:c:c:1-[!#6&!#1]-2
dyes3A(19),45,N/A,21.0% (107),5.3% (10),8.7% (333),12.3% (582),"[#7+]([#6]:[#6])=,:[#6]-[#6](-[#1])=[#6]-[#7](-[#6;X4])-[#6]"
dyes5A(27),44,5,10.1% (75),7.5% (11),5.9% (245),7.7% (430),"[#6](-[#1])(-[#1])-[#7]([#6]:[#6])~[#6][#6]=,:[#6]-[#6]~[#6][#7]"
styrene_B(8),23,N/A,5.9% (73),10.2% (11),5.4% (276),6.4% (471),"c:1:c:c-2:c(:c:c:1)-[#6](-c:3:c(-[$([#16;X2]),$([#6;X4])]-2):c:c:c(:c:3)-[$([#1]),$([#17]),$([#6;X4])])=[#6]-[#6]"
quinone_B(5),14,N/A,5.0% (93),10.1% (13),15.5% (343),12.6% (571),c:1:c:c-2:c(:c:c:1)-[#6](-c3cccc4noc-2c34)=[#8]
hzone_thiophene_A(11),14,N/A,10.8% (99),4.8% (10),2.9% (331),4.1% (562),"c:1:2:c(:c(:c(:c(:c:1-[#1])-[#1])-[#1])-[#1]):[!#6&!#1]:[#6](:[#6]:2-[#6](-[#1])=[#7]-[#7](-[#1])-[$([#6]:1:[#7]:[#6]:[#6](-[#1]):[#16]:1),$([#6]:[#6](-[#1]):[#6]-[#1]),$([#6]:[#7]:[#6]:[#7]:[#6]:[#7]),$([#6]:[#7]:[#7]:[#7]:[#7])])-[$([#1]),$([#8]-[#1]),$([#6](-[#1])-[#1])]"
keto_phenone_A(11),13,2,19.1% (112),1.9% (12),2.1% (356),5.9% (630),c:1:c-3:c(:c:c:c:1)-[#6]:2:[#7]:[!#1]:[#6]:[#6]:[#6]:2-[#6]-3=[#8]
het_thio_676_A(10),11,N/A,7.1% (53),16.1% (8),4.5% (204),7.0% (354),"c:1:c:c-2:c(:c:c:1)-[#6]-[#6](-c:3:c(-[#16]-2):c(:c(-[#1]):c(:c:3-[#1])-[$([#1]),$([#8]),$([#16;X2]),$([#6;X4]),$([#7](-[$([#1]),$([#6;X4])])-[$([#1]),$([#6;X4])])])-[#1])-[#7](-[$([#1]),$([#6;X4])])-[$([#1]),$([#6;X4])]"
melamine_A(3),10,N/A,13.5% (105),0.0% (10),7.1% (365),8.8% (611),"c:1:4:c(:n:c(:n:c:1-[#7](-[#1])-[#6](-[#1])(-[#1])-c:2:c(:c(:c(:o:2)-[#1])-[#1])-[#1])-[#7](-[#1])-c:3:c:c(:c(:c:c:3-[$([#1]),$([#6](-[#1])-[#1]),$([#16;X2]),$([#8]-[#6]-[#1]),$([#7;X3])])-[$([#1]),$([#6](-[#1])-[#1]),$([#16;X2]),$([#8]-[#6]-[#1]),$([#7;X3])])-[$([#1]),$([#6](-[#1])-[#1]),$([#16;X2]),$([#8]-[#6]-[#1]),$([#7;X3])]):c:c:c:c:4"
cyano_imine_B(17),9,N/A,12.7% (87),6.0% (15),7.9% (306),8.9% (516),[#6](-[#6]#[#7])(-[#6]#[#7])=[#7]-[#7](-[#1])-c:1:c:c:c:c:c:1
hzone_thiophene_B(4),8,N/A,26.0% (120),1.1% (12),2.4% (360),6.2% (631),"c:1(:c(:c(:c(:s:1)-[#1])-[#1])-[$([#1]),$([#6](-[#1])-[#1])])-[#6](-[#1])=[#7]-[#7](-[#1])-c:2:c:c:c:c:c:2"
imine_one_fives_B(9),7,N/A,19.9% (114),0.0% (12),4.7% (368),6.5% (635),[#7;!R]=[#6]-2-[#6](=[#8])-c:1:c:c:c:c:c:1-[#16]-2
anil_di_alk_G(9),7,N/A,15.5% (81),0.0% (7),3.4% (266),6.5% (466),"[#6;X4]-[#7](-[#6;X4])-c:1:c(:c(:c(:c(:c:1-[#1])-[#1])-[#6]2=,:[#7][#6]:[#6]:[!#1]2)-[#1])-[#1]"
anil_NH_alk_B(3),6,N/A,25.1% (108),19.8% (46),11.4% (270),13.2% (489),[#7](-[#1])(-[#6]:1:[#6]:[#6]:[!#1]:[#6]:[#6]:1)-c:2:c:c:c(:c:c:2)-[#7](-[#1])-[#6]-[#1]
phenol_sulfite_A(1),4,N/A,21.6% (42),4.6% (49),10.9% (92),8.9% (191),[#6](-c:1:c:c:c(:c:c:1)-[#8]-[#1])(-c:2:c:c:c(:c:c:2)-[#8]-[#1])-[#8]-[#16](=[#8])=[#8]
het_thio_5_B(2),4,N/A,14.9% (114),12.9% (18),5.2% (405),9.4% (692),[#6]-1(-[#6]=[#8])(-[#6]:[#6])-[#16;X2]-[#6]=[#7]-[#7]-1-[#1]
het_6_tetrazine(18),4,N/A,10.0% (100),2.1% (12),0.9% (373),2.9% (638),"[#7]~[#6]:1:[#7]:[#7]:[#6](:[$([#7]),$([#6]-[#1]),$([#6]-[#7]-[#1])]:[$([#7]),$([#6]-[#7])]:1)-[$([#7]-[#1]),$([#8]-[#6](-[#1])-[#1])]"
thiazol_SC_A(3),3,N/A,21.0% (192),40.0% (18),9.2% (344),12.5% (587),[#6]-[#16;X2]-c:1:n:c(:c:s:1)-[#1]
het_pyridiniums_B(2),3,N/A,11.5% (64),0.0% (4),9.2% (214),10.0% (369),[#6]:1:2:[!#1]:[#7+](:[!#1]:[#6](:[!#1]:1:[#6]:[#6]:[#6]:[#6]:2)-[*])~[#6]:[#6]
anil_di_alk_J(3),3,N/A,16.0% (109),0.0% (13),0.8% (376),3.6% (642),[#6](-[#1])(-[#1])-[#7](-[#6](-[#1])-[#1])-c:1:c(:c(:c(:c(:c:1-[#1])-[#1])-[#6](-[#1])=[#7]-[#7]=[#6](-[#6])-[#6]:[#6])-[#1])-[#1]
het_6666_A(2),2,N/A,14.9% (34),0.0% (20),5.4% (112),9.9% (264),c:2:c:c:1:n:c:3:c(:n:c:1:c:c:2):c:c:c:4:c:3:c:c:c:c:4
anil_OC_no_alk_B(4),2,N/A,21.5% (121),0.0% (10),1.6% (308),6.0% (563),c:1:c(:c:2:c(:c:c:1):c:c:c:c:2)-[#8]-c:3:c(:c(:c(:c(:c:3-[#1])-[#1])-[#7]-[#1])-[#1])-[#1]
ene_one_D(1),1,N/A,58.3% (12),N/A% (0),41.5% (65),48.2% (249),[#6](-[#8]-[#1]):[#6]-[#6](=[#8])-[#6](-[#1])=[#6](-[#6])-[#6]
diazox_B(3),1,N/A,23.7% (97),50.0% (16),10.4% (249),14.4% (438),[Cl]-c:2:c:c:1:n:o:n:c:1:c:c:2
indole_3yl_alk_B(1),1,N/A,11.7% (111),0.0% (10),8.5% (342),10.4% (598),c:12:c(:c(:c(:c(:c:1-[#1])-[#1])-[#1])-[#1])c(c(-[#6]:[#6])n2-!@[#6]:[#6])-[#6](-[#1])-[#1]
keto_keto_gamma(5),1,N/A,12.1% (91),0.0% (7),5.8% (292),7.4% (503),[#8]=[#6]-1-[#6;X4]-[#6]-[#6](=[#8])-c:2:c:c:c:c:c-1:2
styrene_C(4),1,N/A,11.0% (109),0.0% (13),2.9% (376),4.7% (639),c:1:c:c-2:c(:c:c:1)-[#6]-[#16]-c3c(-[#6]-2=[#6])ccs3
het_thio_656c(1),1,N/A,11.5% (113),0.0% (13),0.3% (372),3.0% (642),c:1:c(:c:c:c:c:1)-[#6]-4=[#7]-[#7]:2:[#6](:[#7+]:c:3:c:2:c:c:c:c:3)-[#16]-[#6;X4]-4
anil_di_alk_A(478),3695,902,2.2% (92),1.0% (10),1.0% (318),1.4% (545),"[#6](-[#1])(-[#1])-[#7](-[#6](-[#1])-[#1])-c:1:c:c(:c(:c(:c:1)-[$([#1]),$([#6](-[#1])-[#1]),$([#8]-[#6](-[#1])(-[#1])-[#6](-[#1])-[#1])])-[#7])-[#1]"
anil_di_alk_C(246),2014,492,0.8% (88),0.6% (10),0.6% (301),0.9% (516),"c:1:c:c(:c:c:c:1-[#8]-[#6;X4])-[#7](-[#6;X4])-[$([#1]),$([#6;X4])]"
ene_six_het_A(483),1889,256,1.5% (99),0.8% (12),2.2% (351),2.1% (594),[#6]-1(-[#6](~[!#6&!#1]~[#6]-[!#6&!#1]-[#6]-1=[!#6&!#1])~[!#6&!#1])=[#6;!R]-[#1]
ene_rhod_A(235),1706,116,3.0% (92),1.4% (9),3.0% (318),3.0% (542),[#7]-1-[#6](=[#16])-[#16]-[#6](=[#6])-[#6]-1=[#8]
mannich_A(296),1435,212,4.3% (96),1.2% (11),1.9% (329),2.8% (563),[#7]-[#6;X4]-c:1:c:c:c:c:c:1-[#8]-[#1]
indol_3yl_alk(461),1097,343,1.9% (95),0.7% (10),0.7% (326),1.2% (557),"n:1(c(c(c:2:c:1:c:c:c:c:2-[#1])-[#6;X4]-[#1])-[$([#6](-[#1])-[#1]),$([#6]=,:[!#6&!#1]),$([#6](-[#1])-[#7]),$([#6](-[#1])(-[#6](-[#1])-[#1])-[#6](-[#1])(-[#1])-[#7](-[#1])-[#6](-[#1])-[#1])])-[$([#1]),$([#6](-[#1])-[#1])]"
pyrrole_A(118),890,100,4.1% (105),1.2% (13),1.4% (368),2.0% (625),n2(-[#6]:1:[!#1]:[#6]:[#6]:[#6]:[#6]:1)c(cc(c2-[#6;X4])-[#1])-[#6;X4]
imine_one_A(321),838,193,3.2% (97),1.0% (13),1.7% (343),2.3% (583),"[#6]-[#6](=[!#6&!#1;!R])-[#6](=[!#6&!#1;!R])-[$([#6]),$([#16](=[#8])=[#8])]"
anil_di_alk_D(198),631,184,1.7% (86),0.4% (9),0.7% (294),1.2% (503),"c:1:c:c(:c:c:c:1-[#7](-[#6;X4])-[#6;X4])-[#6;X4]-[$([#8]-[#1]),$([#6]=[#6]-[#1]),$([#7]-[#6;X4])]"
anil_di_alk_E(186),589,164,1.6% (85),0.2% (9),0.8% (295),1.3% (504),"[#6](-[#1])-[#7](-[#6](-[#1])-[#1])-c:1:c(:c(:c(:c(:c:1-[#1])-[$([#1]),$([#6](-[#1])-[#1])])-[#6](-[#1])-[$([#1]),$([#6]-[#1])])-[#1])-[#1]"
ene_five_het_B(90),471,48,2.7% (97),1.5% (11),2.4% (341),2.6% (580),[#6]-1(=[#6])-[#6](-[#7]=[#6]-[#16]-1)=[#8]
anil_di_alk_B(251),450,25,6.5% (91),8.2% (11),5.3% (318),5.3% (541),c:1:c:c(:c:c:c:1-[#7](-[#6;X4])-[#6;X4])-[#6]=[#6]
catechol_A(92),393,2,5.6% (81),5.1% (16),7.2% (283),8.7% (500),c:1:c:c(:c(:c:c:1)-[#8]-[#1])-[#8]-[#1]
azo_A(324),365,51,6.7% (92),1.4% (13),1.8% (310),2.9% (534),[#7;!R]=[#7]
imine_one_isatin(189),324,41,3.4% (99),0.3% (11),1.4% (346),1.9% (588),[#8]=[#6]-2-[#6](=!@[#7]-[#7])-c:1:c:c:c:c:c:1-[#7]-2
ene_one_hal(17),314,6,4.5% (88),6.0% (10),4.4% (309),4.8% (525),"[#6]-[#6]=[#6](-[F,Cl,Br,I])-[#6](=[#8])-[#6]"
hzone_pipzn(79),304,58,1.8% (99),0.1% (11),0.4% (345),0.9% (587),[#6]-[#7]-1-[#6](-[#1])(-[#1])-[#6](-[#1])(-[#1])-[#7](-[#6](-[#1])(-[#1])-[#6]-1(-[#1])-[#1])-[#7]=[#6](-[#1])-[#6]:[!#1]
thiophene_amino_Ab(40),201,15,3.3% (102),0.6% (12),1.7% (360),2.2% (612),"[$([#1]),$([#6](-[#1])-[#1]),$([#6]:[#6])]-c:1:c(:c(:c(:s:1)-[#7](-[#1])-[#6](=[#8])-[#6])-[#6](=[#8])-[#8])-[$([#6]:1:[#6]:[#6]:[#6]:[#6]:[#6]:1),$([#6]:1:[#16]:[#6]:[#6]:[#6]:1)]"
ene_five_het_A(201),193,16,3.2% (99),0.7% (11),2.6% (347),3.0% (590),[#6]-1(=[#6])-[#6]=[#7]-[!#6&!#1]-[#6]-1=[#8]
anil_no_alk(40),151,37,4.6% (90),2.5% (19),1.9% (303),2.5% (523),"c:1(:c(:c(:c(:c(:c:1-[#1])-[#1])-[$([#8]),$([#7]),$([#6](-[#1])-[#1])])-[#1])-[#1])-[#7](-[#1])-[#1]"
ene_five_het_C(85),146,16,1.8% (105),1.2% (13),1.7% (377),1.8% (638),[#6]-1(-[#6](-[#6]=[#6]-[!#6&!#1]-1)=[#6])=[!#6&!#1]
hzone_pyrrol(64),135,19,2.2% (100),0.6% (11),0.9% (353),1.3% (597),n1(-[#6])c(c(-[#1])c(c1-[#6]=[#7]-[#7])-[#1])-[#1]
imine_one_fives(89),132,10,5.5% (97),0.2% (10),1.3% (328),2.2% (560),[#6]-1=[!#1]-[!#6&!#1]-[#6](-[#6]-1=[!#6&!#1;!R])=[#8]
keto_keto_beta_A(68),120,20,5.2% (98),1.7% (16),2.1% (341),2.7% (581),c:1-2:c(:c:c:c:c:1)-[#6](=[#8])-[#6;X4]-[#6]-2=[#8]
cyano_imine_A(37),109,5,6.7% (102),0.2% (11),1.8% (359),3.0% (607),[#7](-[#1])-[#7]=[#6](-[#6]#[#7])-[#6]=[!#6&!#1;!R]
rhod_sat_A(33),105,14,1.7% (89),2.2% (9),2.0% (313),2.1% (534),[#7]-1-[#6](=[#16])-[#16]-[#6;X4]-[#6]-1=[#8]
sulfonamide_B(41),96,8,2.4% (97),1.4% (10),3.2% (339),3.4% (576),c:1:c:c(:c:c:c:1-[#8]-[#1])-[#7](-[#1])-[#16](=[#8])=[#8]
ene_five_het_D(46),92,6,3.0% (96),0.4% (10),4.5% (336),4.0% (571),[#6]-1(=[#6])-[#6](=[#8])-[#7]-[#7]-[#6]-1=[#8]
diazox_sulfon_A(36),87,30,0.5% (97),0.3% (11),0.5% (333),0.6% (569),"[#7](-c:1:c:c:c:c:c:1)-[#16](=[#8])(=[#8])-[#6]:2:[#6]:[#6]:[#6]:[#6]:3:[#7]:[$([#8]),$([#16])]:[#7]:[#6]:2:3"
amino_acridine_A(46),85,N/A,8.8% (92),7.4% (11),4.7% (313),6.3% (539),c:1:c:2:c(:c:c:c:1):n:c:3:c(:c:2-[#7]):c:c:c:c:3
ene_five_one_A(55),84,15,7.0% (109),0.0% (14),2.4% (386),3.2% (653),c:1-2:c(:c:c:c:c:1)-[#6](=[#8])-[#6](=[#6])-[#6]-2=[#8]
thiophene_amino_Aa(45),80,13,1.9% (106),0.3% (15),1.1% (381),1.3% (646),[#7](-[#1])(-[#1])-c:1:c(:c(:c(:s:1)-[!#1])-[!#1])-[#6]=[#8]
anil_alk_ene(51),77,4,1.1% (87),2.5% (9),7.0% (330),5.5% (551),c:1:c:c-2:c(:c:c:1)-[#6]-3-[#6](-[#6]-[#7]-2)-[#6]-[#6]=[#6]-3
anthranil_one_A(38),70,4,4.3% (86),4.5% (16),6.0% (305),7.0% (531),c:1:c:c:c:c(:c:1-[#7](-[#1])-[!$([#6]=[#8])])-[#6](-[#6]:[#6])=[#8]
pyrrole_C(8),65,19,0.2% (104),0.0% (13),0.7% (367),0.6% (623),n1(-[#6;X4])c(c(-[#1])c(c1-[#6]:[#6])-[#1])-[#6](-[#1])-[#1]
ene_rhod_F(8),60,3,2.5% (102),0.6% (12),1.0% (360),1.4% (611),n:1:c:c:c(:c:1-[#6](-[#1])-[#1])-[#6](-[#1])=[#6]-2-[#6](=[#8])-[#7]-[#6](=[!#6&!#1])-[#7]-2
thiophene_amino_C(7),57,6,0.5% (104),0.0% (12),1.2% (369),1.0% (625),"[#6](-[#1])-[#6](-[#1])(-[#1])-c:1:c(:c(:c(:s:1)-[#7](-[#1])-[#6](=[#8])-[#6]-[#6]-[#6]=[#8])-[$([#6](=[#8])-[#8]),$([#6]#[#7])])-[#6](-[#1])-[#1]"
het_thio_65_B(2),52,16,1.0% (88),0.6% (9),0.4% (308),0.6% (527),[#7](-[#1])-c1nc(nc2nnc(n12)-[#16]-[#6])-[#7](-[#1])-[#6]
imine_one_sixes(27),50,15,1.4% (94),0.4% (9),1.2% (329),1.2% (556),[#6]-1(-[#6](=[#8])-[#7]-[#6](=[#8])-[#7]-[#6]-1=[#8])=[#7]
hzone_acyl_naphthol(22),48,N/A,6.5% (94),2.6% (10),4.2% (325),4.6% (555),c:1:2:c(:c(:c(:c(:c:1:c(:c(:c(:c:2-[#1])-[#8]-[#1])-[#6](=[#8])-[#7](-[#1])-[#7]=[#6])-[#1])-[#1])-[#1])-[#1])-[#1]
ene_cyano_A(19),47,8,1.8% (92),0.2% (11),2.1% (330),2.2% (556),[#6](-[#6]#[#7])(-[#6]#[#7])=[#6]-c:1:c:c:c:c:c:1
naphth_amino_B(25),46,N/A,2.6% (85),1.7% (9),3.0% (298),2.9% (508),c:2:c:1:c:c:c:c-3:c:1:c(:c:c:2)-[#7](-[#6;X4]-[#7]-3-[#1])-[#1]
hzone_anil_di_alk(35),46,N/A,7.1% (94),3.1% (10),1.5% (321 ),2.7% (549),"[#6](-[#1])(-[#1])-[#7](-[#6](-[#1])-[#1])-c:1:c(:c(:c(:c(:c:1-[#1])-[#1])-[#6](-[#1])=[#7]-[#7]-[$([#6](=[#8])-[#6](-[#1])(-[#1])-[#16]-[#6]:[#7]),$([#6](=[#8])-[#6](-[#1])(-[#1])-[!#1]:[!#1]:[#7]),$([#6](=[#8])-[#6]:[#6]-[#8]-[#1]),$([#6]:[#7]),$([#6](-[#1])(-[#1])-[#6](-[#1])-[#8]-[#1])])-[#1])-[#1]"
pyrrole_B(29),41,10,1.1% (95),0.0% (10),0.9% (326),1.1% (558),n2(-[#6]:1:[!#1]:[#6]:[#6]:[#6]:[#6]:1)c(cc(c2-[#6]:[#6])-[#1])-[#6;X4]
ene_one_ester(24),39,2,4.0% (100),0.5% (11),1.7% (354),2.1% (597),[#6]-[#6](=[#8])-[#6](-[#1])=[#6](-[#7](-[#1])-[#6])-[#6](=[#8])-[#8]-[#6]
anil_di_alk_furan_B(2),38,N/A,8.6% (108),5.6% (13),8.3% (390),7.5% (653),[#6](-[#1])(-[#1])-[#7](-[#6](-[#1])-[#1])-c:1:c(-[#1]):c(:c(:o:1)-[#6](-[#1])=[#6]-[#6]#[#7])-[#1]
het_thio_666_A(13),38,2,1.9% (89),4.0% (14),1.7% (312),2.5% (548),"c:2(:c:1-[#16]-c:3:c(-[#7](-c:1:c(:c(:c:2-[#1])-[#1])-[#1])-[$([#1]),$([#6](-[#1])(-[#1])-[#1]),$([#6](-[#1])(-[#1])-[#6]-[#1])]):c(:c(~[$([#1]),$([#6]:[#6])]):c(:c:3-[#1])-[$([#1]),$([#7](-[#1])-[#1]),$([#8]-[#6;X4])])~[$([#1]),$([#7](-[#1])-[#6;X4]),$([#6]:[#6])])-[#1]"
anil_alk_bim(9),38,2,7.3% (96),0.0% (11),1.5% (333),2.9% (566),c:1:3:c(:c(:c(:c(:c:1-[#1])-[#1])-[#7](-[#1])-[#6](-[#1])(-[#1])-c:2:c:c:c:c:c:2)-[#1]):n:c(-[#1]):n:3-[#6]
het_thio_5_A(8),36,8,1.8% (109),0.2% (15),0.7% (387),1.1% (656),[#6](-[#1])(-[#1])-[#16;X2]-c:1:n:c(:c(:n:1-!@[#6](-[#1])-[#1])-c:2:c:c:c:c:c:2)-[#1]
cyano_cyano_A(23),35,N/A,2.6% (97),1.7% (12),4.3% (353),3.5% (602),"[#6](-[#6]#[#7])(-[#6]#[#7])-[#6](-[$([#6]#[#7]),$([#6]=[#7])])-[#6]#[#7]"
anil_di_alk_F(14),33,3,1.2% (87),2.7% (23),1.4% (285),1.9% (502),"c:1:c:c(:c:c:c:1-[#6;X4]-c:2:c:c:c(:c:c:2)-[#7](-[$([#1]),$([#6;X4])])-[$([#1]),$([#6;X4])])-[#7](-[$([#1]),$([#6;X4])])-[$([#1]),$([#6;X4])]"
ene_five_het_I(6),28,N/A,3.3% (89),6.7% (9),5.2% (307),4.0% (519),c:1(:c:c:c:o:1)-[#6](-[#1])=!@[#6]-3-[#6](=[#8])-c:2:c:c:c:c:c:2-[!#6&!#1]-3
ene_rhod_B(16),27,3,3.7% (94),0.0% (10),1.6% (336),1.9% (568),"[#16]-1-[#6](=[#8])-[#7]-[#6](=[#8])-[#6]-1=[#6](-[#1])-[$([#6]-[#35]),$([#6]:[#6](-[#1]):[#6](-[F,Cl,Br,I]):[#6]:[#6]-[F,Cl,Br,I]),$([#6]:[#6](-[#1]):[#6](-[#1]):[#6]-[#16]-[#6](-[#1])-[#1]),$([#6]:[#6]:[#6]:[#6]:[#6]:[#6]:[#6]:[#6]:[#6]:[#6]-[#8]-[#6](-[#1])-[#1]),$([#6]:1:[#6](-[#6](-[#1])-[#1]):[#7](-[#6](-[#1])-[#1]):[#6](-[#6](-[#1])-[#1]):[#6]:1)]"
thio_urea_D(8),25,N/A,4.2% (91),0.0% (9),4.9% (316),5.0% (537),c:1(:c:c:c:c:c:1)-[#7](-[#1])-[#6](=[#16])-[#7]-[#7](-[#1])-c:2:c:c:c:c:c:2
het_thio_5_imine_A(1),25,N/A,4.7% (101),0.0% (11),2.1% (352),3.1% (600),[#7]=[#6]-1-[#16]-[#6](=[#7])-[#7]=[#6]-1
hzone_enamin(30),24,1,1.8% (90),0.0% (10),2.8% (324),2.7% (546),"[#7](-[#1])-[#7]=[#6]-[#6](-[$([#1]),$([#6])])=[#6](-[#6])-!@[$([#7]),$([#8]-[#1])]"
thio_amide_A(6),24,1,6.0% (103),0.3% (13),1.8% (367),2.5% (619),c1(coc(c1-[#1])-[#6](=[#16])-[#7]-2-[#6](-[#1])(-[#1])-[#6](-[#1])(-[#1])-[!#1]-[#6](-[#1])(-[#1])-[#6]-2(-[#1])-[#1])-[#1]
imine_ene_A(5),23,4,3.8% (106),0.0% (12),0.7% (372),1.8% (632),[#6]:[#6]-[#6](-[#1])=[#6](-[#1])-[#6](-[#1])=[#7]-[#7](-[#6;X4])-[#6;X4]
ene_quin_methide(10),22,1,3.5% (83),1.7% (8),5.6% (292),5.7% (493),"[!#1]:[!#1]-[#6](-[$([#1]),$([#6]#[#7])])=[#6]-1-[#6]=,:[#6]-[#6](=[$([#8]),$([#7;!R])])-[#6]=,:[#6]-1"
naphth_amino_A(25),22,N/A,3.5% (102),6.0% (12),4.7% (366),4.2% (624),c:2:c:1:c:c:c:c-3:c:1:c(:c:c:2)-[#7]-[#6]=[#7]-3
cyano_imine_C(12),22,4,0.9% (103),0.8% (11),1.1% (364),1.3% (614),[#8]=[#16](=[#8])-[#6](-[#6]#[#7])=[#7]-[#7]-[#1]
keto_keto_beta_B(12),22,3,3.1% (95),4.8% (15),1.0% (334),1.7% (575),[#6;X4]-1-[#6](=[#8])-[#7]-[#7]-[#6]-1=[#8]
het_65_Db(5),21,N/A,8.6% (115),2.0% (12),2.8% (386),5.9% (661),c3cn1c(nc(c1-[#7]-[#6])-c:2:c:c:c:c:n:2)cc3
thiaz_ene_D(8),21,N/A,5.4% (104),0.0% (11),1.4% (357),2.6% (609),[#7](-c:1:c:c:c:c:c:1)-c2[n+]c(cs2)-c:3:c:c:c:c:c:3
het_thio_6_furan(4),20,N/A,2.5% (107,0.7% (14 ),9.2% (376),7.6% (639),[#6](-[#1])(-[#1])-[#16;X2]-c:1:n:n:c(:c(:n:1)-c:2:c(:c(:c(:o:2)-[#1])-[#1])-[#1])-c:3:c(:c(:c(:o:3)-[#1])-[#1])-[#1]
rhod_sat_B(3),20,5,0.9% (92),0.0% (9),0.4% (316),0.7% (536),[#7]-2(-c:1:c:c:c:c:c:1-[#6](-[#1])-[#1])-[#6](=[#16])-[#7](-[#6](-[#1])(-[#1])-[!#1]:[!#1]:[!#1]:[!#1]:[!#1])-[#6](-[#1])(-[#1])-[#6]-2=[#8]
pyrrole_D(5),20,7,1.1% (106),0.0% (12),0.3% (376),0.6% (638),n1(-[#6])c(c(-[#1])c(c1-[#6](-[#1])(-[#1])-[#7](-[#1])-[#6](=[#16])-[#7]-[#1])-[#1])-[#1]
imine_imine_A(9),19,N/A,7.2% (101),0.0% (11),1.7% (354),3.7% (604),c:1:c:c-2:c(:c:c:1)-[#7]=[#6]-[#6]-2=[#7;!R]
hzone_furan_A(6),19,N/A,9.1% (105),0.0% (12),1.7% (364),3.2% (618),"c:1(:c(:c(:c(:o:1)-[$([#1]),$([#6](-[#1])-[#1])])-[#1])-[#1])-[#6](-[$([#1]),$([#6](-[#1])-[#1])])=[#7]-[#7](-[#1])-c:2:n:c:c:s:2"
thiophene_D(2),19,8,0.2% (102),0.0% (11),0.3% (359),0.3% (610),s:1:c(:c(-[#1]):c(:c:1-[#6](=[#8])-[#7](-[#1])-[#7]-[#1])-[#8]-[#6](-[#1])-[#1])-[#1]
thiazole_amine_A(4),18,1,6.5% (99),0.4% (13),2.6% (333),3.4% (572),[#7](-[#1])-c:1:n:c(:c:s:1)-c:2:c:n:c(-[#7](-[#1])-[#1]):s:2
anil_di_alk_furan_A(15),18,4,2.2% (99),0.0% (11),1.4% (352),1.6% (595),[#7](-[#6](-[#1])-[#1])(-[#6](-[#1])-[#1])-c:1:c(:c(:c(:o:1)-[#6]=[#7]-[#7](-[#1])-[#6]=[!#6&!#1])-[#1])-[#1]
ene_rhod_J(3),18,N/A,1.1% (104),0.0% (14),1.2% (376),1.6% (636),"[#6](-[#1])(-[#1])-[#7]-2-[#6](=[$([#16]),$([#7])])-[!#6&!#1]-[#6](=[#6]-1-[#6](=[#6](-[#1])-[#6]:[#6]-[#7]-1-[#6](-[#1])-[#1])-[#1])-[#6]-2=[#8]"
sulfonamide_F(1),17,N/A,1.0% (87),0.7% (8),3.3% (299),2.7% (512),[#8]=[#16](=[#8])(-[#6]:[#6])-[#7](-[#1])-c1nc(cs1)-[#6]:[#6]
thiophene_E(2),16,2,5.8% (114),1.9% (16),1.1% (404),2.1% (683),"c:1(:c(:c(:c(:s:1)-[$([#1]),$([#6](-[#1])-[#1])])-[#1])-[#1])-[#6](-[$([#1]),$([#6](-[#1])-[#1])])-[#6](=[#8])-[#7](-[#1])-c:2:n:c:c:s:2"
het_65_C(6),15,N/A,1.6% (102),0.0% (11),1.0% (357),1.4% (606),"n2c1ccccn1c(c2-[$([#6](-[!#1])=[#6](-[#1])-[#6]:[#6]),$([#6]:[#8]:[#6])])-[#7]-[#6]:[#6]"
steroid_A(2),15,5,0.2% (57),0.0% (4),0.4% (192),0.4% (336),[#8]=[#6]-4-[#6]-[#6]-[#6]-3-[#6]-2-[#6](=[#8])-[#6]-[#6]-1-[#6]-[#6]-[#6]-[#6]-1-[#6]-2-[#6]-[#6]-[#6]-3=[#6]-4
thio_urea_E(7),14,3,2.9% (107),0.6% (12),0.5% (380),1.1% (643),c:1:c:c:c:c:c:1-[#7](-[#1])-[#6](=[#16])-[#7](-[#1])-[#6](-[#1])(-[#1])-c:2:n:c:c:c:c:2
sulfonamide_C(5),14,5,0.9% (111),0.0% (16),0.3% (388),0.6% (661),c:1(:c(:c-3:c(:c(:c:1-[#7](-[#1])-[#16](=[#8])(=[#8])-c:2:c:c:c(:c:c:2)-[!#6&!#1])-[#1])-[#8]-[#6](-[#8]-3)(-[#1])-[#1])-[#1])-[#1]
hzone_anil(14),13,1,3.8% (89),0.0% (9),1.1% (319),1.8% (538),c:1(:c(:c(:c(:c(:c:1-[#1])-[#1])-[#7](-[#1])-[#1])-[#1])-[#1])-[#6]=[#7]-[#7]-[#1]
tetrazole_A(1),13,6,0.0% (66),0.0% (5),0.4% (233),0.3% (401),[#6](-[#1])(-[#1])-c1nnnn1-c:2:c(:c(:c(:c(:c:2-[#1])-[#1])-[#8]-[#6](-[#1])(-[#1])-[#1])-[#1])-[#1]
pyrrole_G(4),13,4,1.8% (112),1.4% (17),0.3% (400),0.7% (678),"n2(-c:1:c(:c:c(:c(:c:1)-[#1])-[$([#7](-[#1])-[#1]),$([#6]:[#7])])-[#1])c(c(-[#1])c(c2-[#1])-[#1])-[#1]"
dhp_keto_A(9),12,1,1.0% (108),1.2% (14),1.2% (389),1.5% (657),"[#7]-1(-[$([#6;X4]),$([#1])])-[#6]=,:[#6](-[#6](=[#8])-[#6]:[#6]:[#6])-[#6](-[#6])-[#6](=[#6]-1-[#6](-[#1])(-[#1])-[#1])-[$([#6]=[#8]),$([#6]#[#7])]"
diazox_sulfon_B(5),12,4,0.1% (112),0.0% (15),0.3% (400),0.4% (674),c:1:c(:c:c:c:c:1)-[#7]-2-[#6](-[#1])-[#6](-[#1])-[#7](-[#6](-[#1])-[#6]-2-[#1])-[#16](=[#8])(=[#8])-c:3:c:c:c:c:4:n:s:n:c:3:4
anil_OH_alk_A(8),10,N/A,2.7% (105),0.7% (14),8% (384),7% (650),c:1:c(:c:c:c:c:1)-[#6](-[#1])(-[#1])-[#7](-[#1])-c:2:c(:c(:c(:c(:c:2-[#1])-[#1])-[#8]-[#1])-[#1])-[#1]
imine_phenol_A(3),10,1,4.4% (94),0% (11),1.7% (332),2.1% (562),[#6]=[#7;!R]-c:1:c:c:c:c:c:1-[#8]-[#1]
cyano_ene_amine_A(56),10,N/A,1.3% (121),0.5% (22),1.4% (446),1.3% (750),[#6](-[#6]#[#7])(-[#6]#[#7])-[#6](-[#7](-[#1])-[#1])=[#6]-[#6]#[#7]
het_thio_67_A(1),10,4,0.4% (113),1.1% (19),0.3% (410),0.4% (693),[#6](-[#1])(-[#1])-[#16;X2]-c:2:n:n:c:1-[#6]:[#6]-[#7]=[#6]-[#8]-c:1:n:2
het_thio_66_one(8),9,N/A,2.3% (102),0% (14),3.3% (377),2.8% (636),[#6](=[#8])-[#6]-1=[#6]-[#7]-c:2:c(-[#16]-1):c:c:c:c:2
imidazole_A(19),9,N/A,3.1% (110),0% (14),2.9% (397),3.2% (677),n:1:c(:n(:c(:c:1-c:2:c:c:c:c:c:2)-c:3:c:c:c:c:c:3)-[#1])-[#6]:[!#1]
rhod_sat_D(3),9,N/A,2.3% (102),2.9% (12),2.5% (368),2.5% (620),[#7]-2(-c:1:c:c:c:c:c:1)-[#6](=[#8])-[#16]-[#6](-[#1])(-[#6](-[#1])(-[#1])-[#6](=[#8])-[#7](-[#1])-[#6]:[#6])-[#6]-2=[#8]
ene_rhod_E(8),9,1,5.4% (102),0% (10),2.5% (332),3.1% (571),[#16]-1-[#6](=[#8])-[#7]-[#6](=[#16])-[#6]-1=[#6](-[#1])-[#6]:[#6]
thio_urea_I(3),9,N/A,3.3% (107),1.7% (13),1.8% (382),2.4% (649),c:1(:c:c:c:c:c:1)-[#7](-[#1])-[#6](=[#16])-[#7](-[#1])-[#7]=[#6]-c:2:c:n:c:c:2
het_thio_pyr_A(3),9,N/A,2% (100),1.1% (10),1.1% (337),1.3% (581),n:1:c(:c(:c(:c(:c:1-[#16]-[#6]-[#1])-[#6]#[#7])-c:2:c:c:c(:c:c:2)-[#8]-[#6](-[#1])-[#1])-[#1])-[#6]:[#6]
pyrrole_N(1),9,4,0.6% (107),0% (11),0.7% (366),0.6% (625),n2(-[#6](-[#1])-c:1:c(:c(:c:c(:c:1-[#1])-[#1])-[#1])-[#1])c(c(-[#1])c(c2-[#6]-[#1])-[#1])-[#6]-[#1]
het_thio_656a(5),9,2,0.5% (92),3.1% (11),0.3% (319),0.5% (548),c:1:3:c(:c:c:c:c:1):c:2:n:n:c(-[#16]-[#6](-[#1])(-[#1])-[#6]=[#8]):n:c:2:n:3-[#6](-[#1])(-[#1])-[#6](-[#1])=[#6](-[#1])-[#1]
anil_OC_no_alk_A(8),8,N/A,2.5% (95),0% (10),1.3% (332),1.4% (559),[#7](-[#1])(-[#1])-c:1:c(:c(:c(:n:c:1-[#1])-[#8]-c:2:c:c:c:c:c:2)-[#1])-[#1]
anisol_B(2),8,N/A,1.9% (93),0% (8),0.4% (305),1% (525),[#6](-[#1])(-[#1])-c:1:c(:c(:c(:c(:c:1-[#8]-[#6](-[#1])-[#1])-[#1])-[#1])-[#6](-[#1])(-[#1])-[#7](-[#1])-[#6;X4])-[#1]
sulfonamide_A(43),7,2,2.3% (82),0% (7),2.8% (278),2.8% (482),"c:1(:c(:c(:c(:c(:c:1-[#8]-[#1])-[F,Cl,Br,I])-[#1])-[F,Cl,Br,I])-[#1])-[#16](=[#8])(=[#8])-[#7]"
thio_ketone(43),7,4,0.9% (111),0% (14),1.5% (401),2.6% (684),[#6]-[#6](=[#16])-[#6]
pyrrole_H(3),7,N/A,4.3% (106),1.1% (13),1% (375),1.9% (637),n1-2cccc1-[#6]=[#7](-[#6])-[#6]-[#6]-2
imine_imine_C(3),7,1,1.5% (107),0% (13),0.8% (380),1.1% (651),[#7](-[#6](-[#1])-[#1])(-[#6](-[#1])-[#1])-[#6](-[#1])=[#7]-[#6](-[#6](-[#1])-[#1])=[#7]-[#7](-[#6](-[#1])-[#1])-[#6]:[#6]
cyano_pyridone_C(11),6,N/A,0.2% (95),0% (12),8.8% (349),7% (588),[#6]-1(-[#6](=[#6](-[#6]#[#7])-[#6](~[#8])~[#7]~[#6]-1~[#8])-[#6](-[#1])-[#1])=[#6](-[#1])-[#6]:[#6]
het_65_I(1),6,N/A,0% (94),0% (10),1.6% (350),1.1% (577),n:1:2:c:c:c(:c:c:1:c:c(:c:2-[#6](=[#8])-[#6]:[#6])-[#6]:[#6])-[#6](~[#8])~[#8]
het_thio_65_C(2),6,1,1.8% (109),0% (13),1.5% (380),1.7% (648),n:1:c(:n(:c:2:c:1:c:c:c:c:2)-[#6](-[#1])-[#1])-[#16]-[#6](-[#1])(-[#1])-[#6](=[#8])-[#7](-[#1])-[#7]=[#6](-[#1])-[#6](-[#1])=[#6]-[#1]
thio_imine_ium(2),6,1,0% (103),1.4% (12),0.7% (376),0.6% (631),[#6;X4]-[#7+](-[#6;X4]-[#8]-[#1])=[#6]-[#16]-[#6]-[#1]
anil_OC_no_alk_C(3),6,N/A,8.5% (100),0% (12),0.7% (349),2.1% (591),[#7](-[#1])(-[#1])-c:1:c(:c:c:c:n:1)-[#8]-[#6](-[#1])(-[#1])-[#6]:[#6]
rhod_sat_C(3),6,1,6% (112),0% (16),0.2% (377),1.4% (648),[#7]-2(-c:1:c:c:c:c:c:1)-[#6](=[#7]-[#6]=[#8])-[#16]-[#6](-[#1])(-[#1])-[#6]-2=[#8]
dhp_bis_amino_CN(19),5,N/A,0.5% (117),1.8% (22),3.6% (429),2.9% (722),[#7](-[#1])(-[#1])-[#6]-1=[#6](-[#6]#[#7])-[#6](-[#1])(-[#6]:[#6])-[#6](=[#6](-[#7](-[#1])-[#1])-[#16]-1)-[#6]#[#7]
anil_di_alk_ene_A(8),5,N/A,4.3% (112),0% (14),3.5% (407),5.1% (688),[#6](-[#1])(-[#1])-[#7](-[#6](-[#1])-[#1])-[#6]-2=[#6](-[#1])-c:1:c(:c:c:c:c:1)-[#16;X2]-c:3:c-2:c:c:c:c:3
het_6_hydropyridone(1),5,1,6.4% (100),0% (11),3.2% (352),4.4% (606),[#7]-1=[#6](-[#7](-[#6](-[#6](-[#6]-1(-[#1])-[#6]:[#6])(-[#1])-[#1])=[#8])-[#1])-[#7]-[#1]
ene_five_het_F(15),5,N/A,5.2% (101),0% (11),2.5% (355),2.6% (602),c:1(:c:c:c:c:c:1)-[#6](-[#1])=!@[#6]-3-[#6](=[#8])-c:2:c:c:c:c:c:2-[#16]-3
keto_phenone_zone_A(2),5,N/A,2.8% (102),0% (12),2.3% (375),2.8% (639),c:1:c:c:c:c:c:1-[#6](=[#8])-[#7](-[#1])-[#7]=[#6]-3-c:2:c:c:c:c:c:2-c:4:c:c:c:c:c-3:4
hzone_naphth_A(5),5,N/A,3.6% (101),7.9% (13),1.2% (362),2.1% (611),"c:1:2:c(:c(:c(:c(:c:1:c(:c(:c(:c:2-[#1])-[#1])-[#6]=[#7]-[#7](-[#1])-[$([#6]:[#6]),$([#6]=[#16])])-[#1])-[#1])-[#1])-[#1])-[#1]"
ene_five_het_G(10),5,N/A,1.9% (104),1.5% (13),1.1% (373),1% (624),"[#6]-1(=[#8])-[#6](=[#6](-[#1])-[$([#6]:1:[#6]:[#6]:[#6]:[#6]:[#6]:1),$([#6]:1:[#6]:[#6]:[#6]:[!#6&!#1]:1)])-[#7]=[#6](-[!#1]:[!#1]:[!#1])-[$([#16]),$([#7]-[!#1]:[!#1])]-1"
anil_di_alk_I(4),5,N/A,1.3% (63),0% (7),0.9% (212),1.4% (368),c:1(:c(:c(:c(:c(:c:1-[#7](-[#1])-[#6](=[#8])-c:2:c:c:c:c:c:2)-[#1])-[#7](-[#6](-[#1])-[#1])-[#6](-[#1])-[#1])-[#1])-[#1])-[#1]
keto_naphthol_A(2),5,N/A,3.4% (89),0% (11),0.9% (316),1.8% (541),"c:1:2:c:c:c:c(:c:1:c(:c:c:c:2)-[$([#8]-[#1]),$([#7](-[#1])-[#1])])-[#6](-[#6])=[#8]"
styrene_A(13),4,N/A,9.3% (81),9.8% (15),5.3% (294),8.7% (559),[#6]-2-[#6]-c:1:c(:c:c:c:c:1)-[#6](-c:3:c:c:c:c:c-2:3)=[#6]-[#6]
het_thio_6_ene(2),4,N/A,2% (115),0% (20),3.2% (424),3% (718),[#6]-1:[#6]-[#7]=[#6]-[#6](=[#6]-[#7]-[#6])-[#16]-1
thio_keto_het(2),4,1,2.2% (90),0% (11),2.2% (319),2.6% (547),[#16]=[#6]-c:1:c:c:c:2:c:c:c:c:n:1:2
pyrrole_F(5),4,N/A,0.4% (112),5.5% (18),1.5% (414),1.5% (697),n2(-[#6]:1:[#6](-[#6]#[#7]):[#6]:[#6]:[!#6&!#1]:1)c(c(-[#1])c(c2)-[#1])-[#1]
het_thio_665(1),4,1,4.8% (114),0% (14),1.4% (398),2.7% (682),c:1:c:c-2:c(:c:c:1)-[#16]-c3c(-[#7]-2)cc(s3)-[#6](-[#1])-[#1]
anil_OC_alk_D(2),4,N/A,2.3% (107),0% (16),1.2% (372),1.9% (635),"[#6](-[#1])(-[#1])-[#8]-c:1:c(:c(:c(:c(:c:1-[#1])-[#1])-[#6](-[#1])-[#1])-[#1])-[#7](-[#1])-[#6](-[#1])(-[#1])-c:2:c:c:c:c:c:2-[$([#6](-[#1])-[#1]),$([#8]-[#6](-[#1])-[#1])]"
pyrrole_E(5),4,2,0.7% (102),0% (11),1.2% (364),1.1% (613),n2(-[#6]:1:[!#1]:[!#6&!#1]:[!#1]:[#6]:1-[#1])c(c(-[#1])c(c2-[#6;X4])-[#1])-[#6;X4]
thio_amide_C(2),4,1,3% (108),0% (14),0.6% (393),1.8% (667),[#6](-[#1])(-c:1:c:c:c:c:c:1)(-c:2:c:c:c:c:c:2)-[#6](=[#16])-[#7]-[#1]
sulfonamide_D(2),4,3,0% (62),0% (7),0.2% (219),0.4% (383),c:1:c:c(:c:c:c:1-[#7](-[#1])-[#16](=[#8])=[#8])-[#7](-[#1])-[#16](=[#8])=[#8]
het_5_A(7),4,N/A,3.4% (59),0% (34),0.1% (213),1% (358),[#7]-2(-c:1:c:c:c:c:c:1)-[#7]=[#6](-[#6]=[#8])-[#6;X4]-[#6]-2=[#8]
dhp_amino_CN_B(9),3,N/A,0.6% (117),0% (21),3% (436),2.3% (732),"[$([#7](-[#1])-[#1]),$([#8]-[#1])]-[#6]-2=[#6](-[#6]#[#7])-[#6](-[#1])(-[#6]:[#6])-c:1:c(:n(-[#6]):n:c:1)-[#8]-2"
pyrrole_I(2),3,N/A,4% (117),1.9% (18),2.6% (426),3.6% (725),n2(-[#6](-[#1])-[#1])c-1c(-[#6]:[#6]-[#6]-1=[#8])cc2-[#6](-[#1])-[#1]
acyl_het_A(9),3,N/A,3.1% (107),2.2% (15),1.5% (381),2.1% (641),[#7+](:[!#1]:[!#1]:[!#1])-[!#1]=[#8]
anil_OC_alk_A(4),3,N/A,2.9% (117),0% (17),1.1% (441),1.4% (739),c:1:2:c(:c(:c(:c(:c:1-[#1])-[#1])-[#1])-[#1]):o:c:3:c(-[#1]):c(:c(-[#8]-[#6](-[#1])-[#1]):c(:c:2:3)-[#1])-[#7](-[#1])-[#6](-[#1])-[#1]
anil_alk_A(1),3,1,3.2% (104),0% (13),1% (342),1.5% (594),[#6](-[#1])(-[#1])-[#8]-[#6]:[#6]-[#6](-[#1])(-[#1])-[#7](-[#1])-c:2:c(:c(:c:1:n(:c(:n:c:1:c:2-[#1])-[#1])-[#6]-[#1])-[#1])-[#1]
anil_OC_alk_E(1),3,N/A,1.8% (110),0% (12),1% (384),2.2% (653),[#6](-[#1])(-[#1])-[#8]-c:1:c(:c(:c(:c(:c:1-[#1])-[#1])-[#1])-[#1])-[#7](-[#1])-[#6](-[#1])(-[#1])-[#6](-[#1])(-[#8]-[#1])-[#6](-[#1])-[#1]
thio_amide_D(2),3,N/A,2.1% (109),0% (13),0.8% (381),1.4% (650),[#6](-[#7](-[#6]-[#1])-[#6]-[#1]):[#6]-[#7](-[#1])-[#6](=[#16])-[#6]-[#1]
hzone_furan_B(2),3,N/A,0% (105),0% (11),0.5% (366),0.6% (617),"c:1(:c(:c(:c(:o:1)-[$([#1]),$([#6](-[#1])-[#1])])-[#1])-[#1])-[#6](-[$([#1]),$([#6](-[#1])-[#1])])=[#7]-[#7](-[#1])-c:2:c:c:n:c:c:2"
anisol_A(5),3,1,1.1% (94),0% (9),0.3% (325),0.7% (554),"c:1(:c(:c(:c(:c(:c:1-[$([#1]),$([#6](-[#1])-[#1])])-[#1])-[#8]-[#6](-[#1])-[#1])-[#6](-[#1])(-[#1])-[$([#7](-[#1])-[#6](=[#8])-[#6](-[#1])(-[#1])-[#6](-[#1])(-[#1])-[#6](-[#1])-[#1]),$([#6](-[#1])(-[#6](-[#1])-[#1])-[#7](-[#1])-[#6](=[#16])-[#7]-[#1])])-[#1])-[#8]-[#6](-[#1])-[#1]"
anil_NH_alk_D(2),2,N/A,0% (92),0% (10),3.3% (301),3.9% (516),[#7](-[#1])(-[#1])-c:1:c(:c(:c(:c:c:1-[#7](-[#1])-[#6](-[#1])(-[#6])-[#6](-[#1])-[#6](-[#1])-[#1])-[#1])-[#1])-[#1]
het_66_B(2),2,N/A,0.9% (107),0% (13),2.7% (388),3.9% (668),c:1:c:c:c:2:c(:c:1):n:c(:n:c:2)-[#7](-[#1])-[#6]-3=[#7]-[#6](-[#6]=[#6]-[#7]-3-[#1])(-[#6](-[#1])-[#1])-[#6](-[#1])-[#1]
ene_five_het_M(3),2,N/A,0% (103),0% (11),2.2% (367),1.6% (617),"[#6]-1=,:[#6]-[#6](-[#6](-[$([#8]),$([#16])]-1)=[#6]-[#6]=[#8])=[#8]"
ene_misc_A(5),2,N/A,0% (103),0% (11),1.3% (373),1.3% (626),[#6]-1=[#6]-[#6](-[#8]-[#6]-1-[#8])(-[#8])-[#6]
hzide_naphth(2),2,N/A,2.8% (107),0% (11),1.3% (375),2.1% (630),c:2(:c:1:c(:c(:c(:c(:c:1:c(:c(:c:2-[#1])-[#1])-[#1])-[#1])-[#7](-[#1])-[#7](-[#1])-[#6]=[#8])-[#1])-[#1])-[#1]
dhp_amino_CN_F(3),2,N/A,0.5% (107),0% (13),1.2% (385),1% (649),[#7](-[#1])(-[#1])-[#6]-2=[#6](-[#6]#[#7])-[#6](-[#1])(-c:1:c:c:c:s:1)-[#6](=[#6](-[#6](-[#1])-[#1])-[#8]-2)-[#6](=[#8])-[#8]-[#6]
thio_aldehyd_A(3),2,N/A,0% (107),0% (14),1% (382),1.4% (656),[#6]-[#6](=[#16])-[#1]
dhp_amino_CN_E(4),2,N/A,0% (120),2.1% (24),0.9% (446),1% (749),[#6](-[#1])(-[#1])-[#16;X2]-[#6]-1=[#6](-[#6]#[#7])-[#6](-[#1])(-[#6]:[#6])-[#6](-[#6]#[#7])-[#6](=[#8])-[#7]-1
het_thio_65_A(3),2,N/A,6.7% (113),0% (14),0.8% (398),1.8% (677),[#6](-[#1])(-[#1])-[#16;X2]-c3nc1c(n(nc1-[#6](-[#1])-[#1])-c:2:c:c:c:c:c:2)nn3
anthranil_acid_D(2),2,N/A,1% (100),0% (12),0.7% (357),0.8% (600),c:12:c(:c:c:c:n:1)c(c(-[#6](=[#8])~[#8;X1])s2)-[#7](-[#1])-[#1]
anil_no_alk_A(1),2,N/A,2.7% (112),0% (13),0.5% (377),2.8% (651),[#7](-[#1])(-[#1])-c:1:c(:c(:c(:c(:c:1-[#7]=[#6]-2-[#6](=[#6]~[#6]~[#6]=[#6]-2)-[#1])-[#1])-[#1])-[#1])-[#1]
thiophene_amino_B(12),2,N/A,0.5% (107),0% (14),0.5% (388),0.6% (665),"c:1:c(:c:c:c:c:1)-[#7](-[#1])-c:2:c(:c(:c(:s:2)-[$([#6]=[#8]),$([#6]#[#7]),$([#6](-[#8]-[#1])=[#6])])-[#7])-[$([#6]#[#7]),$([#6](:[#7]):[#7])]"
thiophene_amino_D(3),2,N/A,0% (73),0% (5),0.4% (253),0.9% (435),[#6]=[#6]-[#6](=[#8])-[#7]-c:1:c(:c(:c(:s:1)-[#6](=[#8])-[#8])-[#6]-[#1])-[#6]#[#7]
het_thio_N_5B(2),2,N/A,2.3% (87),0% (7),0.3% (293),1.2% (501),[#6]~1~[#6](~[#7]~[#7]~[#6](~[#6](-[#1])-[#1])~[#6](-[#1])-[#1])~[#7]~[#16]~[#6]~1
misc_cyclopropane(1),2,N/A,0.4% (124),2.1% (24),0.3% (460),0.5% (770),[#6]-1(-[#6](-[#1])(-[#1])-[#6]-1(-[#1])-[#1])(-[#6](=[#8])-[#7](-[#1])-c:2:c:c:c(:c:c:2)-[#8]-[#6](-[#1])(-[#1])-[#8])-[#16](=[#8])(=[#8])-[#6]:[#6]
anil_NH_alk_C(2),2,1,0% (115),0% (18),0.1% (420),0.9% (705),[#6](-[#1])-[#7](-[#1])-c:1:c(:c(:c(:c(:c:1-[#1])-[#1])-[#1])-[#1])-[#7](-[#1])-[#6]-[#1]
pyrrole_M(1),1,N/A,0.8% (128),0% (25),3.8% (479),4.1% (805),n2(-c:1:c:c:c:c:c:1)c(c(-[#1])c(c2-[#6]=[#7]-[#8]-[#1])-[#1])-[#1]
keto_keto_beta_F(1),1,N/A,0.9% (110),0% (14),3% (396),2.5% (669),[#6](-[#1])(-[#1])-[#6](-[#8]-[#1])=[#6](-[#6](=[#8])-[#6](-[#1])-[#1])-[#6](-[#1])-[#6]#[#6]
ene_six_het_D(1),1,N/A,0% (91),0% (10),2.6% (346),2.1% (573),[#8]=[#6]-1-[#7]-[#7]-[#6](=[#7]-[#6]-1=[#6]-[#1])-[!#1]:[!#1]
anil_OC_alk_C(3),1,N/A,1.6% (127),0% (25),2.5% (475),2.6% (800),"[$([#1]),$([#6](-[#1])-[#1])]-[#8]-c:1:c(:c(:c(:c(:c:1-[#1])-[#1])-[#1])-[#1])-[#7](-[#1])-[#6](-[#1])(-[#1])-c:2:n:c:c:n:2"
ene_five_het_L(4),1,N/A,3.8% (106),0% (14),1.8% (384),2.9% (662),[#8]=[#6]-3-[#6](=!@[#6](-[#1])-c:1:c:n:c:c:1)-c:2:c:c:c:c:c:2-[#7]-3
ene_rhod_C(13),1,N/A,0.9% (106),0% (14),1.8% (384),2% (658),"[#16]-1-[#6](=[#7]-[#6]:[#6])-[#7](-[$([#1]),$([#6](-[#1])(-[#1])-[#6](-[#1])(-[#1])-[#8]),$([#6]:[#6])])-[#6](=[#8])-[#6]-1=[#6](-[#1])-[$([#6]:[#6]:[#6]-[#17]),$([#6]:[!#6&!#1])]"
dhp_amino_CN_D(5),1,N/A,1.9% (108),0% (14),1.8% (386),2.6% (664),[#7](-[#1])(-[#1])-[#6]-2=[#6](-[#6]#[#7])-[#6](-[#1])(-[#6]:[#6])-c:1:c(:c:c:s:1)-[#8]-2
anil_alk_indane(1),1,N/A,5.8% (104),0% (13),1.3% (390),1.5% (648),c:1(:c:c-3:c(:c:c:1)-[#7]-[#6]-4-c:2:c:c:c:c:c:2-[#6]-[#6]-3-4)-[#6;X4]
naphth_amino_D(2),1,N/A,2.4% (41),0% (2),1.3% (157),1.1% (275),c:2:c:1:c:c:c:c-3:c:1:c(:c:c:2)-[#7]-[#7]=[#7]-3
thiazole_amine_B(3),1,N/A,3.7% (109),0% (11),1.1% (379),1.4% (645),c:1(:c:c:c(:c:c:1)-[#6](-[#1])-[#1])-c:2:c(:s:c(:n:2)-[#7](-[#1])-[#1])-[#6](-[#1])(-[#1])-[#1]
ene_one_amide_A(1),1,N/A,2.8% (108),0% (14),1% (389),1.1% (665),c:1:c(:c:c:c:c:1)-[#6](-[#1])-[#7]-[#6](=[#8])-[#6](-[#7](-[#1])-[#6](-[#1])-[#1])=[#6](-[#1])-[#6](=[#8])-c:2:c:c:c(:c:c:2)-[#8]-[#6](-[#1])-[#1]
styrene_anil_A(1),1,1,0% (43),0% (2),0.6% (159),0.7% (275),c:1:c:c-3:c(:c:c:1)-c:2:c:c:c(:c:c:2-[#6]-3=[#6](-[#1])-[#6])-[#7](-[#1])-[#1]
anil_alk_C(1),1,N/A,8.4% (95),0% (10),0.6% (340),2.1% (569),[#7](-[#1])(-c:1:c:c:c:c:c:1)-[#6](-[#6])(-[#6])-c:2:c(:c(:c(:c(:c:2-[#1])-[#1])-[#8]-[#6](-[#1])-[#1])-[#1])-[#1]
thiophene_hydroxy(28),1,N/A,0% (105),0% (11),0.5% (372),0.3% (626),s1ccc(c1)-[#8]-[#1]
imidazole_amino_A(1),1,N/A,3.7% (107),0% (14),0.5% (389),1.4% (666),n:1:c(:n(:c(:c:1-c:2:c:c:c:c:c:2)-c:3:c:c:c:c:c:3)-[#7]=!@[#6])-[#7](-[#1])-[#1]
ene_one_amide_B(1),1,N/A,3.4% (117),0% (14),0.5% (398),2.2% (683),c2-3:c:c:c:1:c:c:c:c:c:1:c2-[#6](-[#1])-[#6;X4]-[#7]-[#6]-3=[#6](-[#1])-[#6](=[#8])-[#7](-[#6](-[#1])-[#1])-[#6](-[#1])-[#1]
anil_di_alk_L(1),1,N/A,7.4% (122),0% (23),0.5% (439),1.5% (745),c:1:c:c:c-2:c(:c:1)-[#6](-[#6](-[#7]-2-[#6](-[#1])(-[#1])-[#6](-[#1])(-[#1])-[#7]-4-[#6](-c:3:c:c:c:c:c:3-[#6]-4=[#8])=[#8])(-[#1])-[#1])(-[#1])-[#1]
thiazole_amine_C(3),1,N/A,4.6% (130),0% (25),0.4% (464),1.2% (779),"c:1(:n:c(:c(-[#1]):s:1)-[!#1]:[!#1]:[!#1](-[$([#8]-[#6](-[#1])-[#1]),$([#6](-[#1])-[#1])]):[!#1]:[!#1])-[#7](-[#1])-[#6](-[#1])(-[#1])-c:2:c(-[#1]):c(:c(-[#1]):o:2)-[#1]"
ene_five_het_K(4),1,N/A,3.6% (110),0% (14),0.3% (383),0.9% (664),"n1(-[#6])c(c(-[#1])c(c1-[#6](-[#1])=[#6]-2-[#6](=[#8])-[!#6&!#1]-[#6]=,:[!#1]-2)-[#1])-[#1]"
ene_misc_B(2),1,N/A,1.6% (124),0% (25),0.2% (446),0.4% (746),[#6]:[#6]-[#6](-[#1])(-[#1])-[#6](-[#1])(-[#6]=[#8])-[#7]-2-[#6](=[#8])-[#6]-1(-[#1])-[#6](-[#1])(-[#1])-[#6]=[#6]-[#6](-[#1])(-[#1])-[#6]-1(-[#1])-[#6]-2=[#8]
thiazole_amine_F(2),1,N/A,1.6% (123),0% (24),0% (453),0.7% (759),[#6](-[#1])-[#7](-[#1])-c:1:n:c(:c:s:1)-c2cnc3n2ccs3
anil_di_alk_K(2),1,N/A,1% (96),0% (15),0% (350),1% (602),c:1:c:c(:c:c:c:1-[#7](-[#1])-[#1])-[#7](-[#6;X3])-[#6;X3]
thio_urea_F(6),1,1,1% (105),0% (11),0% (373),0.5% (628),[#6]-1-[#7](-[#1])-[#7](-[#1])-[#6](=[#16])-[#7]-[#7]-1-[#1]
anil_alk_B(1),1,N/A,0% (108),0% (14),0% (398),0.4% (682),[#7](-[#1])(-c:1:c(:c(:c(:c(:c:1-[#1])-[#1])-[#6](-[#1])-[#1])-[#1])-[#1])-[#6](-[#1])(-[#1])-[#6](-[#1])(-[#1])-c:2:c(:c(:c(:c(:c:2-[#1])-[#1])-[#8]-[#6](-[#1])-[#1])-[#1])-[#1]
hzone_phenol_B(215),N/A,10,N/A,N/A,N/A,N/A,c:1(:c:c:c(:c:c:1)-[#6]=[#7]-[#7])-[#8]-[#1]
anthranil_acid_F(2),N/A,3,N/A,N/A,N/A,N/A,c:1(:c:c(:c(:c:c:1)-[#7](-[#1])-[#6](=[#8])-[#6]:[#6])-[#6](=[#8])-[#8]-[#1])-[#8]-[#1]
furan_acid_A(4),N/A,3,N/A,N/A,N/A,N/A,c:1(:c(:c(:c(:o:1)-[#6](-[#1])-[#1])-[#6](-[#1])(-[#1])-[#8]-[#6]:[#6])-[#1])-[#6](=[#8])-[#8]-[#1]
anthranil_acid_A(19),N/A,2,N/A,N/A,N/A,N/A,c:1(:c:c:c:c:c:1-[#7](-[#1])-[#7]=[#6])-[#6](=[#8])-[#8]-[#1]
hzone_phenol_A(479),N/A,2,N/A,N/A,N/A,N/A,c:1:c:c(:c(:c:c:1)-[#6]=[#7]-[#7])-[#8]-[#1]
misc_aminoacid_A(1),N/A,2,N/A,N/A,N/A,N/A,[#6;X4]-c:1:c(:c(:c(:c(:c:1-[#1])-[#1])-[#6](=[#8])-[#7](-[#1])-[#6](-[#1])(-[#6](-[#1])(-[#1])-[#6](-[#1])(-[#1])-[#16]-[#6](-[#1])(-[#1])-[#1])-[#6](=[#8])-[#8]-[#1])-[#1])-[#1]
anil_OC_alk_F(1),N/A,1,N/A,N/A,N/A,N/A,[#6](-[#1])(-[#1])-[#8]-c:1:c(:c(:c(:c(:c:1-[#1])-[#1])-[#1])-[#1])-[#7](-[#1])-[#6](-[#1])(-[#6]=[#8])-[#16]
anil_di_alk_ene_B(4),N/A,1,N/A,N/A,N/A,N/A,[#6](-[#1])(-[#1])-[#7](-[#6](-[#1])-[#1])-[#6]-2=[#6]-c:1:c(:c:c:c:c:1)-[#6]-2(-[#1])-[#1]
anthranil_acid_B(3),N/A,1,N/A,N/A,N/A,N/A,c:1:c-3:c(:c:c(:c:1)-[#6](=[#8])-[#7](-[#1])-c:2:c(:c:c:c:c:2)-[#6](=[#8])-[#8]-[#1])-[#6](-[#7](-[#6]-3=[#8])-[#6](-[#1])-[#1])=[#8]
ene_rhod_G(7),N/A,1,N/A,N/A,N/A,N/A,[#8](-[#1])-[#6](=[#8])-c:1:c:c(:c:c:c:1)-[#6]:[!#1]:[#6]-[#6](-[#1])=[#6]-2-[#6](=[!#6&!#1])-[#7]-[#6](=[!#6&!#1])-[!#6&!#1]-2
hzone_phenone(7),N/A,1,N/A,N/A,N/A,N/A,"[#6](-c:1:c(:c(:c(:c:c:1-[#1])-[$([#6;X4]),$([#1])])-[#1])-[#1])(-c:2:c(:c(:c(:c(:c:2-[#1])-[#1])-[$([#1]),$([#17])])-[#1])-[#1])=[$([#7]-[#8]-[#6](-[#1])(-[#1])-[#6](-[#1])(-[#1])-[#6](-[#1])(-[#1])-[#7](-[#6](-[#1])-[#1])-[#6](-[#1])-[#1]),$([#7]-[#8]-[#6](-[#1])(-[#1])-[#6](-[#1])(-[#1])-[#7](-[#6](-[#1])-[#1])-[#6](-[#1])-[#1]),$([#7]-[#7](-[#1])-[#6](=[#7]-[#1])-[#7](-[#1])-[#1]),$([#6](-[#1])-[#7])]"
thio_urea_C(9),N/A,1,N/A,N/A,N/A,N/A,c:1(:c:c:c:c:c:1)-[#7](-[#1])-[#6](=[#16])-[#7]-[#7](-[#1])-[#6](=[#8])-[#6]-2:[!#1]:[!#6&!#1]:[#6]:[#6]-2